INPUT, Degree of freedom is 40,
TNN,20,
NFIN,4,
NCST,24,
NOL,3,
XCN,0,0,0,0,1,1,1,1,2,2,2,2,3,3,3,3,4,4,4,4,
YCN,0,1,2,3,0,1,2,3,0,1,2,3,0,1,2,3,0,1,2,3,
FIX,1,1,1,1,0,0,0,0,0,0,0,0,0,0,0,0,0,0,0,0,
NODE1,1,1,2,2,3,3,5,5,6,6,7,7,9,9,10,10,11,11,13,13,14,14,15,15,
NODE2,2,5,3,6,4,7,6,9,7,10,8,11,10,13,11,14,12,15,14,17,15,18,16,19,
NODE3,6,6,7,7,8,8,10,10,11,11,12,12,14,14,15,15,16,16,18,18,19,19,20,20,
ELASTIC,1,1,1,1,1,1,1,1,1,1,1,1,1,1,1,1,1,1,1,1,1,1,1,1,
MU,0.333333,0.333333,0.333333,0.333333,0.333333,0.333333,0.333333,0.333333,0.333333,0.333333,0.333333,0.333333,0.333333,0.333333,0.333333,0.333333,0.333333,0.333333,0.333333,0.333333,0.333333,0.333333,0.333333,0.333333,
THICK,1,1,1,1,1,1,1,1,1,1,1,1,1,1,1,1,1,1,1,1,1,1,1,1,
ROU,1,1,1,1,1,1,1,1,1,1,1,1,1,1,1,1,1,1,1,1,1,1,1,1,
UNIT,20,22,24,
NODE1,2,2,2,
NODE2,3,3,3,
KOL,2,2,2,
VOLX,0,0,0,
VOLY,-1,-1,-1,
END,
